,artistName,artistID
0,A Tribe Called Quest,
1,A-Trak,
2,A$AP Ferg,
3,A$AP Rocky,
4,Above & Beyond,
5,Action Bronson,
6,Adam Beyer,
7,Adventure Club,
8,Aerosmith,
9,Aesop Rock,
10,Afrojack,
11,Air,
12,Airbourne,
13,AJR,
14,Akhil Talreja,
15,Alabama Shakes,
16,Alan Walker,
17,Alessia Cara,
18,Alesso,
19,Alex Gaudino,
20,Alice Cooper,
21,Alice in Chains,
22,Alison Wonderland,
23,Alok,
24,Alt-J,
25,AlunaGeorge,
26,Alvin Risk,
27,Aly & Fila,
28,AME,
29,Amelie Lens,
30,Amon Amarth,
31,Amyl & The Sniffers,
32,Anders Osborne,
33,Anderson .Paak and The Free Nationals,
34,Andy C,
35,Andy Moor,
36,Angerfist,
37,Angy Kore,
38,Animal Collective,
39,Annie Mac,
40,Anthrax,
41,Antoine Clamaran,
42,Aphex Twin,
43,Arcade Fire,
44,Arch Enemy,
45,Arctic Monkeys,
46,Arctic Moon,
47,Arkells,
48,Armin Van Buuren,
49,Art Department,
50,Asking Alexandria,
51,Astrix,
52,At The Drive-In,
53,Atmosphere,
54,Atreyu,
55,Aurora,
56,Avenged Sevenfold,
57,Avicii,
58,Axwell,
59,Axwell & Ingrosso,
60,Azealia Banks,
61,Backstreet Boys,
62,Bad Religion,
63,Band of Horses,
64,Barenaked Ladies,
65,Baroness,
66,Basement Jaxx,
67,Bassjackers,
68,Bassnectar,
69,Bastille,
70,Basto!,
71,Battles,
72,Beach House,
73,Beach Slang,
74,Beats Antique,
75,Beck,
76,Beirut,
77,Belle & Sebastian,
78,Ben Harper,
79,Benny Benassi,
80,Best Coast,
81,Beyonce,
82,Bicep,
83,Biffy Clyro,
84,Big Boi,
85,Big Freedia,
86,Big Gigantic,
87,Big Head Todd and the Monsters,
88,Big Wild,
89,Billie Eilish,
90,Billy Bragg,
91,Billy Idol,
92,Billy Talent,
93,Bingo Players,
94,Björk,
95,Bjorn Akesson,
96,Bl3Nd,
97,Black Eyed Peas,
98,Black Midi,
99,Black Rebel Motorcycle Club,
100,Black Sabbath,
101,Blake Shelton,
102,Blasterjaxx,
103,Bleachers,
104,Blink-182,
105,Blitzen Trapper,
106,Bloc Party,
107,Blood Orange,
108,Blur,
109,Bob Sinclar,
110,Body Count,
111,Bombay Bicycle Club,
112,Bombino,
113,Bombs Away,
114,Bon Iver,
115,Bon Jovi,
116,Bonobo,
117,Borgeous,
118,Borgore,
119,Boy Pablo,
120,Boys Noize,
121,BØRNS,
122,Brad Paisley,
123,Brandi Carlile,
124,Brantley Gilbert,
125,Breaking Benjamin,
126,Breathe Carolina,
127,Bring Me The Horizon,
128,Bro Safari,
129,BROCKHAMPTON,
130,Broken Social Scene,
131,Bruce Springsteen,
132,Bruno Mars,
133,Built To Spill,
134,Bullet For My Valentine,
135,Bush,
136,Busta Rhymes,
137,Cage the Elephant,
138,Cake,
139,Calexico,
140,Calvin Harris,
141,Camo & Krooked,
142,Capital Cities,
143,Car Seat Headrest,
144,Cardi B,
145,Caribou,
146,Carl Cox,
147,Carl Craig,
148,Carrie Underwood,
149,Carta,
150,Cash Cash,
151,Cat Dealers,
152,Cat Power,
153,Catfish and the Bottlemen,
154,Cedric Gervais,
155,Chance The Rapper,
156,Charles Bradley,
157,Charli XCX,
158,Charlotte Gainsbourg,
159,Chase & Status,
160,Chelsea Wolfe,
161,Chet Faker,
162,Chevelle,
163,Chicano Batman,
164,Childish Gambino,
165,Chris Liebing,
166,Chris Stapleton,
167,Christina Novelli,
168,Christine And The Queens,
169,Chromeo,
170,Chuckie,
171,CHVRCHES,
172,Cigarettes After Sex,
173,City and Colour,
174,Claptone,
175,Clean Bandit,
176,Clockwork,
177,Clutch,
178,Coheed and Cambria,
179,Cold War Kids,
180,Coldplay,
181,Com Truise,
182,Common,
183,Congorock,
184,Conspirator,
185,Counting Crows,
186,Courteeners,
187,Courtney Barnett,
188,Craig David,
189,Cristian Varela,
190,Crystal Castles,
191,Crystal Fighters,
192,Cypress Hill,
193,Dada Life,
194,Daft Punk,
195,Dan Deacon,
196,Daniel Portman,
197,Dannic,
198,Danny Avila,
199,Danny Brown,
200,Danny Tenaglia,
201,Darius Rucker,
202,Dark Star Orchestra,
203,Dash Berlin,
204,Datsik,
205,Dave Matthews Band,
206,Dave Seaman,
207,David Guetta,
208,Dawes,
209,De La Soul,
210,deadmau5,
211,Deafheaven,
212,Death Cab For Cutie,
213,Death Grips,
214,Deer Tick,
215,Deerhunter,
216,DEF LEPPARD,
217,Deftones,
218,Deichkind,
219,Deorro,
220,Depeche Mode,
221,Descendents,
222,Designer Drugs,
223,Destroyer,
224,Die Antwoord,
225,Die Toten Hosen,
226,Dierks Bentley,
227,Dillon Francis,
228,Dimitri Vegas & Like Mike,
229,Dinosaur Jr.,
230,Diplo,
231,Dirty Projectors,
232,Dirty South,
233,Dirtyloud,
234,Dirtyphonics,
235,Disclosure,
236,Disturbed,
237,Dixon,
238,DJ Snake,
239,Django Django,
240,Djs From Mars,
241,Don Diablo,
242,Donna the Buffalo,
243,Dopapod,
244,Dr. Dog,
245,Dr. Kucho!,
246,Drake,
247,Dream Wife,
248,Drive By Truckers,
249,Dropkick Murphys,
250,Dub Fx,
251,Dubfire,
252,Duke Dumont,
253,Dumpstaphunk,
254,Duran Duran,
255,Dvbbs,
256,Dyro,
257,Eagles of Death Metal,
258,Eats Everything,
259,Ed Sheeran,
260,Eddie Thoneick,
261,Editors,
262,Edward Sharpe & The Magnetic Zeros,
263,Edx,
264,Elbow,
265,Electric Forest,
266,Elephant Revival,
267,Ellen Allien,
268,Ellie Goulding,
269,Elton John,
270,Emancipator,
271,Eminem,
272,Empire of the Sun,
273,Empress Of,
274,Enter Shikari,
275,EOTO,
276,Eric Prydz,
277,Erick Morillo,
278,Erykah Badu,
279,Everything Everything,
280,Example,
281,Excision,
282,Explosions In The Sky,
283,Faith No More,
284,Faithless,
285,Fall Out Boy,
286,Fatboy Slim,
287,Father John Misty,
288,Fedde Le Grand,
289,Feist,
290,Felix Da Housecat,
291,Ferry Corsten,
292,Fetty Wap,
293,Fidlar,
294,Firebeatz,
295,First Aid Kit,
296,Fisher,
297,Fitz & The Tantrums,
298,Five Finger Death Punch,
299,FKA Twigs,
300,Fleet Foxes,
301,Fleetwood Mac,
302,Flogging Molly,
303,Florence + the Machine,
304,Florence and the Machine,
305,Flosstradamus,
306,Flume,
307,Flux Pavilion,
308,Flying Lotus,
309,Foals,
310,Fontaines D.C.,
311,Foo Fighters,
312,Foster the People,
313,Foxygen,
314,Frances,
315,Frank Carter & The Rattlesnakes,
316,Frank Ocean,
317,Franz Ferdinand,
318,Fritz Kalkbrenner,
319,Fucked Up,
320,fun.,
321,Future,
322,Future Islands,
323,G-Eazy,
324,Galactic,
325,Galantis,
326,Garbage,
327,Gareth Emery,
328,Gary Clark Jr,
329,Gemini,
330,George Ezra,
331,Ghostland Observatory,
332,Girl Talk,
333,Giuseppe Ottaviani,
334,Glass Animals,
335,Godsmack,
336,Godspeed You! Black Emperor,
337,Gogol Bordello,
338,Gojira,
339,Gold Panda,
340,Goo Goo Dolls,
341,Gorgon City,
342,Gorillaz,
343,Gov't Mule,
344,Grace Jones,
345,Grace Potter,
346,Gramatik,
347,Green Day,
348,Green Velvet,
349,Greensky Bluegrass,
350,Greta Van Fleet,
351,Grimes,
352,Griz,
353,Grizzly Bear,
354,Groove Armada,
355,Grouplove,
356,Gucci Mane,
357,Guided By Voices,
358,Guns N' Roses,
359,Guy Gerber,
360,GZA,
361,Haim,
362,Halestorm,
363,Halsey,
364,Hard Rock Sofa,
365,Hardwell,
366,Hatebreed,
367,Headhunterz,
368,Heartless Bastards,
369,Heatbeat,
370,Henri Pfr,
371,High Contrast,
372,Holy Fuck,
373,Honey Dijon,
374,Hot 100,
375,Hot Chip,
376,Hozier,
377,Hurray for the Riff Raff,
378,Ibeyi,
379,Ice Cube,
380,Icona Pop,
381,IDLES,
382,IGGY AZALEA,
383,Iggy Pop,
384,Illenium,
385,ILOVEMAKONNEN,
386,Imagine Dragons,
387,In Flames,
388,In This Moment,
389,Incubus,
390,Infected Mushroom,
391,Interpol,
392,Iron & Wine,
393,Iron Maiden,
394,Ivan Neville's Dumpstaphunk,
395,J. Cole,
396,Jack Johnson,
397,Jack U,
398,Jack White,
399,Jackmaster,
400,Jai Wolf,
401,Jake Owen,
402,James,
403,James Bay,
404,James Blake,
405,Jamie Jones,
406,Jamie XX,
407,Jamiroquai,
408,Jane's Addiction,
409,Janelle Monae,
410,Japandroids,
411,Japanese Breakfast,
412,Jason Aldean,
413,Jason Isbell,
414,Jason Isbell and the 400 Unit,
415,Jay-Z,
416,Jeff Mills,
417,Jerome Isma Ae,
418,Jimmy Eat World,
419,Jinjer,
420,John Digweed,
421,John Maus,
422,Jon Hopkins,
423,Josh Wink,
424,Judas Priest,
425,Judge Jules,
426,Juicy M,
427,Jungle,
428,Jurassic 5,
429,Justice,
430,Justin Bieber,
431,Justin Timberlake,
432,Kacey Musgraves,
433,Kaiser Chiefs,
434,Kaiserdisco,
435,Kamasi Washington,
436,Kanye West,
437,Kaskade,
438,Kate Tempest,
439,Katy B,
440,Kaytranada,
441,Keith Urban,
442,Keller Williams,
443,Kendrick Lamar,
444,Kenny Chesney,
445,Khruangbin,
446,Kid Cudi,
447,Kid Rock,
448,Kill The Noise,
449,Killswitch Engage,
450,King Diamond,
451,King Gizzard and the Lizard Wizard,
452,Kings of Leon,
453,Kinky,
454,Kiss,
455,Knife Party,
456,Koan Sound,
457,Korn,
458,Kraftwerk,
459,Kreator,
460,Krewella,
461,Kshmr,
462,Kurt Vile,
463,Kurt Vile & The Violators,
464,Kygo,
465,Lady Antebellum,
466,Laidback Luke,
467,Lamb of God,
468,Lana Del Rey,
469,Lazy Rich,
470,LCD Soundsystem,
471,Leftover Salmon,
472,Lenny Kravitz,
473,Less Than Jake,
474,Lettuce,
475,Lewis Capaldi,
476,Liam Gallagher,
477,Lil Durk,
478,Lil Pump,
479,Limp Bizkit,
480,Lindsey Stirling,
481,Linkin Park,
482,Little Dragon,
483,Little Louie Vega,
484,LIZZO,
485,Local Natives,
486,Loco Dice,
487,Lord Huron,
488,Lorde,
489,Los Lobos,
490,Lost Frequencies,
491,Lotus,
492,Low,
493,Luke Bryan,
494,Lush,
495,Lykke Li,
496,Lynyrd Skynyrd,
497,M83,
498,Mac DeMarco,
499,Mac Miller,
500,Maceo Plex,
501,Machine Gun Kelly,
502,Macklemore,
503,Madness,
504,Major Lazer,
505,Makj,
506,Marco Bailey,
507,Marco Carola,
508,Mari Ferrari,
509,Mariana Bo,
510,Marilyn Manson,
511,Marina and The Diamonds,
512,Mark Knight,
513,Mark Sixma,
514,Markus Schulz,
515,Maroon 5,
516,Marshmello,
517,Martin Garrix,
518,Martin Jensen,
519,Mary J. Blige,
520,Massive Attack,
521,Mastodon,
522,Matt & Kim,
523,Matt and Kim,
524,Mattn,
525,Me First and The Gimme Gimmes,
526,Megadeth,
527,Megan Thee Stallion,
528,Menno De Jong,
529,Metallica,
530,Metronomy,
531,MGMT,
532,Michael Franti & Spearhead,
533,Migos,
534,Miike Snow,
535,Mike Candys,
536,Mike Williams,
537,Miley Cyrus,
538,Milky Chance,
539,Miranda Lambert,
540,Miss Kittin,
541,Moby,
542,Moderat,
543,Modest Mouse,
544,Modestep,
545,moe.,
546,Mogwai,
547,Monika Kruse,
548,Mord Fustang,
549,Morgan Page,
550,Motionless in White,
551,Motley Crue,
552,Motorhead,
553,MØ,
554,MSTRKRFT,
555,Mt. Eden,
556,Mudhoney,
557,Mumford & Sons,
558,Muse,
559,MUTEMATH,
560,My Bloody Valentine,
561,My Chemical Romance,
562,My Morning Jacket,
563,N.E.R.D.,
564,Nas,
565,Nathaniel Rateliff,
566,Neelix,
567,Neil Young,
568,Neon Indian,
569,Nero,
570,Nervo,
571,Neutral Milk Hotel,
572,New Order,
573,Nick Cave & The Bad Seeds,
574,Nick Cave And The Bad Seeds,
575,Nick Warren,
576,Nicki Minaj,
577,Nicky Romero,
578,Nightwish,
579,Nina Kraviz,
580,Nine Inch Nails,
581,No Doubt,
582,Noel Gallagher's High Flying Birds,
583,NoFx,
584,Norah Jones,
585,Norman Doray,
586,Nothing But Thieves,
587,Odesza,
588,Of Monsters and Men,
589,Of Montreal,
590,Old Crow Medicine Show,
591,Oliver Heldens,
592,Outkast,
593,Oxia,
594,Ozzy Osbourne,
595,P!nk,
596,Paco Osuna,
597,Pan Pot,
598,Panic! At The Disco,
599,Papa Roach,
600,Papadosio,
601,Paramore,
602,Parcels,
603,Parcels,
604,Parov Stelar,
605,Parquet Courts,
606,Passion Pit,
607,Patti Smith,
608,Paul Kalkbrenner,
609,Paul Oakenfold,
610,Paul Van Dyk,
611,Pearl Jam,
612,Peggy Gou,
613,Pennywise,
614,People Under the Stairs,
615,Pet Shop Boys,
616,Pete Tong,
617,Phantogram,
618,Pharrell Williams,
619,Phil Lesh,
620,Phish,
621,Phoenix,
622,Pigeons Playing Ping Pong,
623,Pimps Of Joytime,
624,Pink,
625,Pixies,
626,PJ Harvey,
627,Placebo,
628,Playboi Carti,
629,Polica,
630,Pond,
631,Porter Robinson,
632,Portishead,
633,Portugal. the Man,
634,Post Malone,
635,Pretty Lights,
636,Primal Scream,
637,Primus,
638,Princess Nokia,
639,Project 46,
640,Prophets of Rage,
641,Public Enemy,
642,Purity Ring,
643,Pusha T,
644,Pussy Riot,
645,Queens of the Stone Age,
646,Quintino,
647,R3hab,
648,Ra Ra Riot,
649,Radiohead,
650,Rae Sremmurd,
651,Rag’n’Bone Man,
652,Railroad Earth,
653,Rainbow Kitten Surprise,
654,Rammstein,
655,Rancid,
656,Rave Republic,
657,Ray LaMontagne,
658,Real Estate,
659,Rebirth Brass Band,
660,Red Fang,
661,Red Hot Chili Peppers,
662,REEL BIG FISH,
663,Refused,
664,Rex Orange County,
665,Rezz,
666,Richie Hawtin,
667,Ride,
668,Rihanna,
669,Rise Against,
670,Rita Ora,
671,Rival Sons,
672,RJD2,
673,RL Grime,
674,Rob Zombie,
675,Robert Plant,
676,Robert Randolph & the Family Band,
677,Roisin Murphy,
678,Rolling Blackouts Coastal Fever,
679,Ross From Friends,
680,Royal Blood,
681,Royksopp,
682,Rudimental,
683,Rufus Du Sol,
684,Run The Jewels,
685,Ryan Adams,
686,Sak Noel,
687,Sam Bush,
688,Sam Bush Band,
689,Sam Smith,
690,San Fermin,
691,San Holo,
692,Sander Van Doorn,
693,Santigold,
694,Sasha,
695,Savages,
696,SBTRKT,
697,Seether,
698,Sepultura,
699,Seth Troxler,
700,Seven Lions,
701,Sexation,
702,Shabazz Palaces,
703,Shadow,
704,Shame,
705,Sharon Jones and the Dap Kings,
706,Sheryl Crow,
707,Shinedown,
708,Showtek,
709,Shpongle,
710,Sia,
711,Sidney Samson,
712,Sigma,
713,Sigur Rós,
714,Silversun Pickups,
715,Simian Mobile Disco,
716,Simon Patterson,
717,Skepta,
718,Skid Row,
719,Skillet,
720,Skism,
721,Skream,
722,Skrillex,
723,Slash feat. Myles Kennedy,
724,Slaves,
725,Slayer,
726,Sleigh Bells,
727,Slightly Stoopid,
728,Slipknot,
729,Slowdive,
730,slowthai,
731,Snail Mail,
732,Snakehips,
733,Snoop Dogg,
734,Snow Patrol,
735,Social Distortion,
736,Sofi Tukker,
737,Solange,
738,Solardo,
739,Soundgarden,
740,Spoon,
741,St. Paul and the Broken Bones,
742,St. Vincent,
743,Starcrawler,
744,Starkillers,
745,Steel Panther,
746,Stefano Noferini,
747,Steve Akoi,
748,Steve Angello,
749,Steve Aoki,
750,Steve Lawler,
751,Stevie Wonder,
752,Stick Figure,
753,Sting,
754,Stone Sour,
755,Stormzy,
756,STRFKR,
757,Stromae,
758,STS9,
759,Sub Zero Project,
760,Sublime with Rome,
761,Suicidal Tendencies,
762,Superorganism,
763,Sven Vath,
764,Swanky Tunes,
765,Swans,
766,Swedish House Mafia,
767,Sylvan Esso,
768,System of a Down,
769,Tale of Us,
770,Tame Impala,
771,Tank and the Bangas,
772,Tarkan,
773,Tash Sultana,
774,Taylor Swift,
775,Tears for Fears,
776,Tech N9ne,
777,Teenage Fanclub,
778,Tegan & Sara,
779,Tenacious D,
780,Tennyson,
781,Testament,
782,The 1975,
783,The Afghan Whigs,
784,The Avett Brothers,
785,The Band Perry,
786,The Beach Boys,
787,The Black Angels,
788,The Black Crowes,
789,The Black Keys,
790,The Black Lips,
791,The Blessed Madonna,
792,The Bloody Beetroots,
793,The Breeders,
794,The Cat Empire,
795,The Chainsmokers,
796,The Chemical Brothers,
797,The Courteeners,
798,The Crystal Method,
799,The Cure,
800,The Darkness,
801,The Decemberists,
802,The Del McCoury Band,
803,The Disco Biscuits,
804,The Flaming Lips,
805,The Growlers,
806,The Head and the Heart,
807,The Hives,
808,The Hold Steady,
809,The Horrors,
810,The Infamous Stringdusters,
811,The Jesus and Mary Chain,
812,The Joy Formidable,
813,The Killers,
814,The Kills,
815,The Kooks,
816,The Last Shadow Puppets,
817,The Libertines,
818,The Lumineers,
819,The Martinez Brothers,
820,The National,
821,The Offspring,
822,The Polish Ambassador,
823,The Postal Service,
824,The Pretty Reckless,
825,The Prodigy,
826,The Replacements,
827,The Rolling Stones,
828,The Roots,
829,The Shins,
830,The Smashing Pumpkins,
831,The Specials,
832,The Stone Roses,
833,The Streets,
834,The String Cheese Incident,
835,The Strokes,
836,The Temper Trap,
837,The Ting Tings,
838,The Vaccines,
839,The Voidz,
840,The Wailers,
841,The Walkmen,
842,The War on Drugs,
843,The Weeknd,
844,The Werks,
845,The Wombats,
846,The xx,
847,Thee Oh Sees,
848,Thievery Corporation,
849,Third Eye Blind,
850,Thirty Seconds to Mars,
851,Thom Yorke,
852,Thomas Rhett,
853,Thundercat,
854,Tiesto,
855,Tim McGraw,
856,Timmy Trumpet,
857,Tjr,
858,Toby Keith,
859,Tokimonsta,
860,Tokyo Police Club,
861,Tommy Trash,
862,Tool,
863,Toots and the Maytals,
864,Toro Y Moi,
865,Tortoise,
866,Tory Lanex,
867,Totally Enormous Extinct Dinosaurs,
868,Tove Lo,
869,Trace Adkins,
870,Train,
871,Trampled By Turtles,
872,Travis Scott,
873,Trey Anastasio,
874,Trippie Redd,
875,Tristan Garner,
876,Trombone Shorty,
877,Trombone Shorty & Orleans Avenue,
878,TV on the Radio,
879,Twenty One Pilots,
880,Twiddle,
881,Twisted Sister,
882,Two Door Cinema Club,
883,Ty Segall,
884,Tycho,
885,Tyler the Creator,
886,Umek,
887,Ummet Ozcan,
888,Umphrey's McGee,
889,Underworld,
890,Unknown Mortal Orchestra,
891,Vampire Weekend,
892,Vance Joy,
893,Vicetone,
894,Victor Calderone,
895,Vince Staples,
896,Vini Vici,
897,Vintage Culture,
898,Violent Femmes,
899,Volbeat,
900,Waka Flocka Flame,
901,Walk the Moon,
902,Warface,
903,Warpaint,
904,Wavves,
905,Waxahatchee,
906,Ween,
907,Weezer,
908,Whitesnake,
909,Whitney,
910,Widespread Panic,
911,Wilco,
912,Wildstylez,
913,Willie Nelson,
914,Wiz Khalifa,
915,Wolf Alice,
916,Wolf Parade,
917,Wolfmother,
918,Wolfpack,
919,Wu-Tang Clan,
920,YACHT,
921,Yeah Yeah Yeahs,
922,Years & Years,
923,Yeasayer,
924,Yelawolf,
925,Yellow Claw,
926,Yellow Days,
927,Yo La Tengo,
928,Yonder Mountain String Band,
929,Young the Giant,
930,Young Thug,
931,Zac Brown Band,
932,Zatox,
933,Zeal & Ardor,
934,Zedd,
935,Zeds Dead,
936,Ziggy Marley,
937,Zola Jesus,
938,Zomboy,
939,ZZ Top,
940,Alanis Morissette,
941,Billy Strings,
942,Big Sean,
943,Ludacris,
944,Lupe Fiasco,
945,Lil Yachty,
946,All Time Low,
947,X Ambassadors,
948,6LACK,
949,Lifehouse,
950,CeeLo Green,
951,John Newman,
952,Luis Fonsi,
953,Ms. Lauryn Hill,
954,George Strait,
955,Sarah McLachlan,
956,Kelis,
957,Neil Diamond,
958,Ella Mai,
959,Fat Joe,
960,American Authors,
961,Hoobastank,
962,The Animals,
963,Stevie Nicks,
964,Willow,
965,Of Mice & Men,
966,Khalid,
967,2 Chainz,
968,Wale,
969,Kehlani,
970,BTS,
971,Jess Glynne,
972,Lil Jon,
973,Joji,
974,Her,
975,PnB Rock,
976,Sleeping With Sirens,
977,Prince Royce,
978,Cascada,
979,Matisyahu,
980,Kenny Loggins,
981,Hinder,
982,Baby Bash,
983,Lil Wayne,
984,Tyga,
985,Trey Songz,
986,Jessie J,
987,Lil Uzi Vert,
988,Camila Cabello,
989,Jhené Aiko,
990,Sean Kingston,
991,Don Omar,
992,Felix Jaehn,
993,Pitbull,
994,Kodak Black,
995,Fabolous,
996,Ozuna,
997,Tinashe,
998,GoldLink,
999,Mario,
1000,Keyshia Cole,
1001,ZHU,
1002,Lloyd,
1003,The Commodores,
1004,Dashboard Confessional,
1005,Jason Derulo,
1006,M.I.A.,
1007,Daddy Yankee,
1008,Zara Larsson,
1009,Jonas Brothers,
1010,Robin Schulz,
1011,Kevin Gates,
1012,Becky G,
1013,Gunna,
1014,Lukas Graham,
1015,WIZKID,
1016,Dababy,
1017,Ski Mask The Slump God,
1018,Pendulum,
1019,Christina Aguilera,
1020,Carly Rae Jepsen,
1021,Kodaline,
1022,Steve Miller Band,
1023,The Isley Brothers,
1024,Maná,
1025,Juanes,
1026,LANY,
1027,50 Cent,
1028,Lady A,
1029,Keane,
1030,Daughtry,
1031,Pierce the Veil,
1032,Farruko,
1033,Four Tet,
1034,Adele,
1035,Shaggy,
1036,Jorja Smith,
1037,Martin Solveig,
1038,Hollywood Undead,
1039,KT Tunstall,
1040,The Human League,
1041,Rick Ross,
1042,Lil Baby,
1043,MARINA,
1044,Earl Sweatshirt,
1045,Ashanti,
1046,Jeezy,
1047,Leona Lewis,
1048,E-40,
1049,Boys Like Girls,
1050,Mura Masa,
1051,Theory of a Deadman,
1052,Blackstreet,
1053,Chaka Khan,
1054,Billy Joel,
1055,Chemical Brothers,
1056,London Grammar,
1057,Cheat Codes,
1058,Billy Currington,
1059,Jessie Ware,
1060,Goldfrapp,
1061,Ja Rule,
1062,Lee Brice,
1063,D12,
1064,Coolio,
1065,Paul McCartney,
1066,Regina Spektor,
1067,Ginuwine,
1068,Maxwell,
1069,Talib Kweli,
1070,RÜFÜS DU SOL,
1071,Katy Perry,
1072,Kasabian,
1073,Kali Uchis,
1074,Nicky Jam,
1075,Boyz II Men,
1076,Stone Temple Pilots,
1077,Shania Twain,
1078,Alan Jackson,
1079,Bone Thugs-n-Harmony,
1080,Roddy Ricch,
1081,Eagles,
1082,Colbie Caillat,
1083,Stereophonics,
1084,Kool & The Gang,
1085,Bob Dylan,
1086,Birdy,
1087,Matchbox Twenty,
1088,Andy Grammer,
1089,Diana Ross,
1090,Bowling for Soup,
1091,Jessie Reyez,
1092,Three Days Grace,
1093,TLC,
1094,Kyle,
1095,Chris Young,
1096,The Drums,
1097,John Mayer,
1098,Pentatonix,
1099,Sam Hunt,
1100,Doobie Brothers,
1101,T-Pain,
1102,Jonas Blue,
1103,Little Big Town,
1104,Olly Murs,
1105,The Temptations,
1106,James Vincent McMorrow,
1107,Flight Facilities,
1108,Dan + Shay,
1109,Emeli Sandé,
1110,José González,
1111,The Used,
1112,Echo & The Bunnymen,
1113,Lady Gaga,
1114,Usher,
1115,Sean Paul,
1116,Aminé,
1117,Jax Jones,
1118,The Red Jumpsuit Apparatus,
1119,America,
1120,"Tyler, The Creator",
1121,Blondie,
1122,Maluma,
1123,Anne-Marie,
1124,Chicago,
1125,Corinne Bailey Rae,
1126,Little Mix,
1127,Hans Zimmer,
1128,Mika,
1129,Hillsong United,
1130,Tom Misch,
1131,Nelly,
1132,Gavin DeGraw,
1133,Steely Dan,
1134,John Williams,
1135,Cut Copy,
1136,Gary Clark Jr.,
1137,The Fratellis,
1138,Josh Turner,
1139,Paloma Faith,
1140,Michael Bublé,
1141,The Who,
1142,Eric Church,
1143,AFI,
1144,James Arthur,
1145,Doja Cat,
1146,Evanescence,
1147,Andrew Bird,
1148,The Chicks,
1149,Rag'n'Bone Man,
1150,Escape the Fate,
1151,Crowded House,
1152,John Legend,
1153,Van Morrison,
1154,Scorpions,
1155,J Balvin,
1156,Lionel Richie,
1157,Taking Back Sunday,
1158,The Tallest Man On Earth,
1159,Yes,
1160,James Morrison,
1161,Dean Lewis,
1162,Queen,
1163,Mötley Crüe,
1164,UB40,
1165,Ludovico Einaudi,
1166,Harry Styles,
1167,a-ha,
1168,Jesse McCartney,
1169,Poison,
1170,Elvis Costello,
1171,Avril Lavigne,
1172,Puddle of Mudd,
1173,Jaden,
1174,Mayday Parade,
1175,Rage Against The Machine,
1176,Jake Bugg,
1177,Adam Lambert,
1178,Oh Wonder,
1179,Clairo,
1180,The Goo Goo Dolls,
1181,Simple Plan,
1182,Tom Odell,
1183,Kansas,
1184,Michael Kiwanuka,
1185,Eels,
1186,Santana,
1187,Denzel Curry,
1188,Deep Purple,
1189,James Blunt,
1190,Bryan Adams,
1191,Bad Bunny,
1192,David Gray,
1193,Cheap Trick,
1194,Olivia Rodrigo,
1195,Russ,
1196,Sum 41,
1197,Belle and Sebastian,
1198,Alicia Keys,
1199,The Script,
1200,Toto,
1201,Styx,
1202,James Taylor,
1203,REO Speedwagon,
1204,Passenger,
1205,5 Seconds of Summer,
1206,Celine Dion,
1207,OneRepublic,
1208,Rod Stewart,
1209,Bright Eyes,
1210,Foreigner,
1211,Leon Bridges,
1212,Shawn Mendes,
1213,Kaleo,
1214,Wet Leg,
1215,Helena Hauff,
1216,Nightmares on Wax,
1217,Maren Morris,
1218,Old Dominion,
1219,Brett Young,
1220,Chase Rice,
1221,Jon Pardi,
1222,The California Honeydrops,
1223,The Floozies,
1224,The Funk Hunters,
1225,Tipper,
1226,Brothers Osborne,
1227,Tyler Childers,
1228,Morgan Wallen,
1229,Zach Bryan,
1230,Midland,
1231,Phoebe Bridgers,
1232,100 Gecs,
1233,Turnstile,
1234,Louis The Child,
1235,Marc Rebillet,
1236,The Linda Lindas,
1237,Don Brocko,
1238,Floating Points,
1239,beabadoobee,
1240,The Revivalists,
1241,Zach Bryan,
1242,Parkway Drive,
1243,Frank Turner & The Sleeping Souls,
1244,Frank Turner And The Sleeping Souls,
1245,The Comet is Coming,
1246,Viagra Boys,
1247,Yungblud,
1248,Caamp,
1249,The Dead South,
1250,Ryan Bingham,
1251,Lil Nas X,
1252,Orpheu The Wizard,
1253,Electric Wizard,
1254,Idris Elba,
1255,Dominic Fike,
1256,Blackpink,
1257,Latto,
1258,The Blaze,
1259,Glorilla,
1260,The Kid Laroi,
1261,Burna Boy,
1262,Jackson Wang,
1263,Yung Lean,
1264,Ashnikko,
1265,A Boogie Wit Da Hoodie,
1266,Flo Milli,
1267,Labrinth,
1268,Metro Boomin,
1269,Paris Texas,
1270,Drama,
1271,Remi Wolf,
1272,The Garden,
1273,Alex G,
1274,Muna,
1275,Pi’Erre Bourne,
1276,Rebelution,
1277,Tv Girl,
1278,Benee,
1279,Cannons,
1280,Doechii,
1281,Ethel Cain,
1282,Rosalia,
1283,Earthgang,
1284,Knocked Loose,
1285,Diljit Dosanjh,
1286,Gordo,
1287,Two Friends,
1288,Yves Tumor,
1289,Boris Brejcha,
1290,Dannylux,
1291,Destroy Boys,
1292,Kenny Beats,
1293,Magdalena Bay,
1294,Nora En Pure,
1295,Weyes Blood,
1296,Joy Crookes,
1297,Noname,
1298,Bakar,
1299,Sg Lewis,
1300,Yung Gravy,
1301,Paris Jackson,
1302,Suki Waterhouse,
1303,Dj Diesel,
1304,Baby Keem,
1305,Girl In Red,
1306,Ken Carson,
1307,070 Shake,
1308,Morgan Wade,
1309,Charley Crockett,
1310,Jacob Collier,
1311,Marcus Mumford,
1312,Rina Sawayama,
1313,Jenny Lewis,
1314,Noah Kahan,
1315,Kip Moore,
1316,Peekaboo,
1317,Three 6 Mafia,
1318,Peach Pit,
1319,Subtronics,
1320,Cory Wong,
1321,Men I Trust,
1322,The Band Camino,
1323,Bob Moses,
1324,Hippo Campus,
1325,Matt Maeson,
1326,The Midnight,
1327,Vulfpeck,
1328,Amber Mark,
1329,Liquid Stranger,
1330,Emo Nite,
1331,Ezra Furman,
1332,Awolnation,
1333,Bad Omens,
1334,Badflower,
1335,Beartooth,
1336,Black Veil Brides,
1337,Converge,
1338,Falling In Reverse,
1339,I Prevail,
1340,Jawbreaker,
1341,Knocked Loose,
1342,Lilith Czar,
1343,Puscifer,
1344,The Bronx,
1345,Trivium,
